checkStatus,toDelete,dataEntryRemarks,pageNum,numPage,vName,vSciName,conf,sciName,date,locality,country,stateProvince,island,idQualifier,county,occStatus,habitat,assCollTaxa,assColl,locationRemarks,vTaxonRank,vElevM,vLat,vLon,vUTM,vCoordUncM,numPlantsCode,orgQuantity,orgQtype,occRemarks,phenology,recordedBy,idBy,archiveID
C,,grandiflora looks crossed out?,11,NA,Collinsia parviflora,Collinsia parviflora,l,Collinsia parviflora,19730316,Saturna Island,Canada,British Columbia,Saturna Island,NA,NA,NA,NA,NA,NA,NA,NA,NA,NA,NA,NA,NA,NA,NA,NA,NA,NA,NA,NA,5
C,Y,NA,11,NA,NA,NA,NA,NA,19730319,Saturna Island; Breezy Bay; near bay,Canada,NA,NA,NA,NA,NA,NA,NA,NA,collected up trail to Breezy Bay,NA,NA,NA,NA,NA,NA,NA,NA,NA,NA,NA,NA,NA,5
C,,has asterisk,2,8,Bromus pacificus,Bromus pacificus,h,Bromus pacificus,19810528,Prevost Island,Canada,British Columbia,Prevost Island,NA,NA,NA,NA,NA,NA,NA,NA,NA,NA,NA,NA,NA,NA,NA,NA,asterisk next to taxon name,NA,NA,NA,7
C,,NA,2,14,NA,NA,NA,NA,19810528,Prevost Island,Canada,British Columbia,Prevost Island,NA,NA,NA,NA,NA,NA,NA,NA,NA,NA,NA,NA,NA,NA,NA,NA,NA,NA,NA,NA,7
C,,question mark,2,24,Galium triflorum,Galium triflorum,h,Galium triflorum,19810528,Prevost Island,Canada,British Columbia,Prevost Island,Galium triflorum cf.,NA,NA,NA,NA,NA,NA,NA,NA,NA,NA,NA,NA,NA,NA,NA,question mark beside taxon name,NA,NA,NA,7
C,,unsure if montanum or minutum,2,27,Epilobium minutum,Epilobium minutum,m,Epilobium minutum,19810528,Prevost Island,Canada,British Columbia,Prevost Island,NA,NA,NA,NA,NA,NA,NA,NA,NA,NA,NA,NA,NA,NA,NA,NA,NA,NA,NA,NA,7
C,,question mark in between genus and species. Check mark,2,33,Festuca occidentalis,Festuca occidentalis,h,Festuca occidentalis,19810528,Prevost Island,Canada,British Columbia,Prevost Island,Festuca cf . occidentalis,NA,NA,NA,NA,NA,NA,NA,NA,NA,NA,NA,NA,NA,NA,NA,question mark in between genus and species; check mark next to taxon name,NA,NA,NA,7
C,,NA,2,38,Festuca rubra lit,Festuca rubra litoralis,l,Festuca rubra litoralis,19810528,Prevost Island,Canada,British Columbia,Prevost Island,NA,NA,NA,NA,NA,NA,NA,NA,NA,NA,NA,NA,NA,NA,NA,NA,NA,NA,NA,NA,7
C,,asterisk,2,39,Bromus vulgaris,Bromus vulgaris,h,Bromus vulgaris,19810528,Prevost Island,Canada,British Columbia,Prevost Island,NA,NA,NA,NA,NA,NA,NA,NA,NA,NA,NA,NA,NA,NA,NA,NA,asterisk next to taxon name,NA,NA,NA,7
C,,asterisk,2,40,Barbarea orthoceras,Barbarea orthoceras,h,Barbarea orthoceras,19810528,Prevost Island,Canada,British Columbia,Prevost Island,NA,NA,NA,NA,NA,NA,NA,NA,NA,NA,NA,NA,NA,NA,NA,NA,asterisk next to taxon name,NA,NA,NA,7
C,,question mark and circled,3,3,Arenaria serpyllifolia,Arenaria serpyllifolia,m,Arenaria serpyllifolia,19810528,Prevost Island,Canada,British Columbia,Prevost Island,cf. Arenaria serpyllifolia,NA,NA,NA,NA,NA,NA,NA,NA,NA,NA,NA,NA,NA,NA,NA,taxon name circled with big question mark,NA,NA,NA,7
C,,inferrring absent from crossing out,3,5,Lenontodon Crepis capillaris,Crepis capillaris,l,Crepis capillaris,19810528,Prevost Island,Canada,British Columbia,Prevost Island,NA,NA,absent,NA,NA,NA,NA,NA,NA,NA,NA,NA,NA,NA,NA,NA,crossed out and has asterisk beside taxon name,NA,NA,NA,7
C,,NA,3,15,Epilobium watsonii,Epilobium watsonii,l,Epilobium ciliatum watsonii,19810528,Prevost Island,Canada,British Columbia,Prevost Island,NA,NA,NA,NA,NA,NA,NA,NA,NA,NA,NA,NA,NA,NA,NA,NA,NA,NA,NA,NA,7
C,,having trouble deciphering taxon name,3,33,Alopecurus geniculatus,Alopecurus geniculatus,l,Alopecurus geniculatus,19810528,Prevost Island,Canada,British Columbia,Prevost Island,NA,NA,NA,NA,NA,NA,NA,NA,NA,NA,NA,NA,NA,NA,NA,NA,NA,NA,NA,NA,7
C,,cannot decipher comment next to name in brackets. Is that a suspected intraspecific epithet?,4,10,Pyrola aphylla,Pyrola aphylla,h,Pyrola aphylla,19810528,Prevost Island,Canada,British Columbia,Prevost Island,NA,NA,NA,NA,NA,NA,NA,NA,NA,NA,NA,NA,NA,NA,NA,NA,NA,NA,NA,NA,7
C,,NA,4,21,Orthocarpus pusillus,Orthocarpus pusillus,l,Triphysaria pusilla,19810528,Prevost Island,Canada,British Columbia,Prevost Island,NA,NA,NA,NA,NA,NA,NA,NA,NA,NA,NA,NA,NA,NA,NA,NA,NA,NA,NA,NA,7
C,,trouble deciphering taxon name,4,25,NA,NA,NA,NA,19810528,Prevost Island,Canada,British Columbia,Prevost Island,NA,NA,NA,NA,NA,NA,NA,NA,NA,NA,NA,NA,NA,NA,NA,NA,NA,NA,NA,NA,7
C,,cannot decipher specific epithet or tell if it is suggesting another genus instead,4,26,Potamogeton,NA,NA,NA,19810528,Prevost Island,Canada,British Columbia,Prevost Island,NA,NA,NA,in salt pond,NA,NA,NA,NA,NA,NA,NA,NA,NA,NA,NA,NA,NA,NA,NA,NA,7
C,,cannot decipher specific epithet,4,31,Ranunculus,NA,NA,NA,19810528,Prevost Island,Canada,British Columbia,Prevost Island,NA,NA,NA,NA,NA,NA,NA,NA,NA,NA,NA,NA,NA,NA,NA,NA,NA,NA,NA,NA,7
C,,new species name not found in region,4,35,Juncus gracilis,Juncus gracilis,l,Marsippospermum gracile,19810528,Prevost Island,Canada,British Columbia,Prevost Island,NA,NA,NA,NA,NA,NA,NA,NA,NA,NA,NA,NA,NA,NA,NA,NA,NA,NA,NA,NA,7
C,,unable to decipher specific epithet,6,3,Oenothera sarmentosa,NA,NA,NA,19810528,Prevost Island,Canada,British Columbia,Prevost Island,NA,NA,NA,NA,NA,NA,NA,NA,NA,NA,NA,NA,NA,NA,NA,NA,NA,NA,NA,NA,7
C,,NA,6,14,Potentilla,Potentilla,NA,NA,19810528,Prevost Island,Canada,British Columbia,Prevost Island,Potentilla  cf. sp.,NA,NA,fen,NA,NA,fen far west of lake,NA,NA,NA,NA,NA,NA,NA,NA,NA,NA,NA,NA,NA,7
C,,"very rare in area, maybe I did not decipher name right?",6,35,Arabis hirsuta,Arabis hirsuta,l,Arabis hirsuta,19810528,Prevost Island,Canada,British Columbia,Prevost Island,NA,NA,NA,NA,NA,NA,NA,NA,NA,NA,NA,NA,NA,NA,NA,NA,NA,NA,NA,NA,7
C,,cannot decipher genus name,7,7,G,[G] microcephala,NA,NA,19810528,Prevost Island; north east point,Canada,British Columbia,Prevost Island,NA,NA,NA,NA,NA,NA,NA,NA,NA,NA,NA,NA,NA,NA,NA,NA,NA,NA,NA,NA,7
C,,cannot decipher genus name,7,9,G. purpurea,[G] purpurea,NA,NA,19810528,Prevost Island; north east point,Canada,British Columbia,Prevost Island,NA,NA,NA,NA,NA,NA,NA,NA,NA,NA,NA,NA,NA,NA,NA,NA,NA,NA,NA,NA,7
C,,cannot decipher name it was replaced with,7,16,Linum valerian,NA,NA,NA,19810528,Prevost Island; north east point,Canada,British Columbia,Prevost Island,NA,NA,NA,NA,NA,NA,around old light keepers house,NA,NA,NA,NA,NA,NA,NA,NA,NA,non-flowering,vegetative,NA,NA,7
C,,uncertain of updated name,10,2,Juncus gracilis,Juncus gracilis,h,Marsippospermum gracile,19810615,North Pender Island; Port Washington,Canada,British Columbia,North Pender Island,NA,NA,NA,wet meadow,"Stellaria calycantha, Daphne laureola, Hypochaeris radicata, Pyrola asarifolia, Sanguisorba minor, Veronica serpyllifolia, Trifolium campestre, Polygonum spergulariiforme, Brodia coronaria,  Lupinus bicolor, Agoseris heterophylla, Festuca rubra litoralis, Triteleia hyacinthina, Potentilla gracilis, Anthemis arvensis, Carex aurea, Lotus corniculatus","1956, 1957, 1958, 1959, 1960, 1961, 1962, 1963, 1964, 1965, 1966, 1967, 1968, 1969, 1970, 1971, 1972",NA,NA,NA,NA,NA,NA,NA,NA,NA,NA,NA,NA,NA,NA,7
C,,cannot decipher taxon name,10,3,[Thalaspi arvense]?,NA,NA,NA,19810619,North Pender Island; Magic Lake; horse padoc,Canada,British Columbia,North Pender Island,NA,NA,NA,NA,NA,NA,NA,NA,NA,NA,NA,NA,NA,NA,NA,NA,NA,NA,NA,NA,7
C,,NA,18,2,Vicia americana,Vicia americana,h,NA,19810728,Parker Island,Canada,British Columbia,Parker Island,NA,NA,NA,NA,NA,NA,NA,NA,NA,NA,NA,NA,NA,NA,NA,NA,NA,NA,NA,NA,7
C,,Cound not find taxon name,1,7,Calieagon gig,NA,NA,NA,19960925,Metchosin; Matheson Lake; south shore of lake,Canada,British Columbia,Vancouver Island,NA,Metchosin,present,shoreline of lake,NA,NA,NA,species,NA,NA,NA,NA,NA,NA,NA,NA,NA,NA,Harvey Janszen,NA,8
C,,not sure what add means,1,16,Lycopus uniflorus,Lycopus uniflorus,h,Lycopus uniflorus,19960925,Metchosin; Matheson Lake; west end of lake,Canada,British Columbia,Vancouver Island,NA,Metchosin,present,NA,NA,NA,NA,species,NA,NA,NA,NA,NA,NA,NA,NA,add,NA,Harvey Janszen,NA,8
C,,not sure what add means,1,17,Veronica americana,Veronica americana,h,Veronica americana,19960925,Metchosin; Matheson Lake; west end of lake,Canada,British Columbia,Vancouver Island,NA,Metchosin,present,NA,NA,NA,NA,species,NA,NA,NA,NA,NA,NA,NA,NA,add,NA,Harvey Janszen,NA,8
C,,not sure what add means,1,18,Aster subspicatum,Aster subspicatum,h,Symphyotricum subspicatum,19960925,Metchosin; Matheson Lake; west end of lake,Canada,British Columbia,Vancouver Island,NA,Metchosin,present,NA,NA,NA,NA,species,NA,NA,NA,NA,NA,NA,NA,NA,add,NA,Harvey Janszen,NA,8
C,,renamed to macrorhiza?,2,5,Utricularia vulgaris,Utricularia vulgaris,h,NA,19960925,Metchosin; Matheson Lake; north side of lake,Canada,British Columbia,Vancouver Island,NA,Metchosin,present,"shoreline of lake, behind Scirpus beds",NA,NA,NA,species,NA,NA,NA,NA,NA,NA,NA,NA,NA,NA,Harvey Janszen,NA,8
C,,renamed to macrorhiza?,2,14,Utricularia vulgaris,Utricularia vulgaris,h,NA,19960925,Metchosin; Blinkhorn Lake,Canada,British Columbia,Vancouver Island,NA,Metchosin,present,aquatic in lake,NA,NA,NA,species,NA,NA,NA,NA,NA,NA,NA,NA,NA,NA,Harvey Janszen,NA,8
C,,could not decipher taxon name,3,3,Salix,NA,NA,NA,19960925,Metchosin; Blinkhorn Lake,Canada,British Columbia,Vancouver Island,NA,Metchosin,present,edges of lake,NA,NA,NA,species,NA,NA,NA,NA,NA,NA,NA,NA,NA,NA,Harvey Janszen,NA,8
C,,unsure what the status is of this taxon and what it is now considered. No clean answer on iNaturalist,3,11,Carex oederi,Carex oederi,h,NA,19961030,Saltspring Island; 6.0 kilometer lake,Canada,British Columbia,Saltspring Island,NA,Southern Gulf Islands,present,NA,"Carex acuta, Rhynchospora alba","2634, 2635",NA,NA,NA,NA,NA,NA,NA,3,NA,NA,NA,NA,Harvey Janszen,NA,8
C,,could not decipher first part. What type of mat with Ledum?,4,14,levger mat with 60% ledum,NA,NA,NA,19961030,Saltspring Island; 6.0 kilometer lake,Canada,British Columbia,Saltspring Island,NA,Southern Gulf Islands,NA,NA,"Carex acuta, Rhynchospora alba","2634, 2635",NA,NA,NA,NA,NA,NA,NA,4,NA,NA,NA,NA,Harvey Janszen,NA,8
C,,could not decipher genus name,4,15,Occycoeus o.,NA,NA,NA,19961030,Saltspring Island; 6.0 kilometer lake,Canada,British Columbia,Saltspring Island,NA,Southern Gulf Islands,present,NA,"Carex acuta, Rhynchospora alba","2634, 2635",NA,species,NA,NA,NA,NA,NA,1,NA,NA,NA,NA,Harvey Janszen,NA,8
C,,could not decipher genus name,4,17,Eriophorum l,NA,NA,NA,19961030,Saltspring Island; 6.0 kilometer lake,Canada,British Columbia,Saltspring Island,NA,Southern Gulf Islands,present,NA,NA,NA,NA,species,NA,NA,NA,NA,NA,0,NA,NA,NA,NA,Harvey Janszen,NA,8
C,,renamed to macrorhiza?,4,18,Utricularia vulgaris,Utricularia vulgaris,NA,NA,19961030,Saltspring Island; 6.0 kilometer lake,Canada,British Columbia,Saltspring Island,NA,Southern Gulf Islands,present,floating in lake,NA,NA,NA,species,NA,NA,NA,NA,NA,NA,NA,NA,NA,NA,Harvey Janszen,NA,8
C,,uncertain of the specific epiphet,5,15,Salix l,NA,NA,NA,19961030,Saltspring Island; Cusheon Lake; north end of lake,Canada,British Columbia,Saltspring Island,NA,Southern Gulf Islands,present,shore,NA,NA,NA,NA,NA,NA,NA,NA,NA,NA,NA,NA,NA,NA,Harvey Janszen,NA,8
C,,uncertain of specific epiphet,6,1,Typha l,Typha latifolia,m,Typha latifolia,19961030,Saltspring Island; Bullocks Pond,Canada,British Columbia,Saltspring Island,NA,Southern Gulf Islands,present,shore,NA,NA,NA,species,NA,NA,NA,NA,NA,5,NA,NA,NA,NA,Harvey Janszen,NA,8
C,,uncertain of specific epiphet,6,3,Salix sarale,Salix scouleriana,l,Salix scouleriana,19961030,Saltspring Island; Bullocks Pond,Canada,British Columbia,Saltspring Island,NA,Southern Gulf Islands,present,"shore, behind Potentilla palustris (Comarum palustre)",NA,NA,NA,species,NA,NA,NA,NA,NA,NA,NA,NA,NA,NA,Harvey Janszen,NA,8
C,,NA,6,6,Nuphar,NA,h,NA,19961030,Saltspring Island; Bullocks Pond,Canada,British Columbia,Saltspring Island,NA,Southern Gulf Islands,present,floating,NA,NA,NA,genus,NA,NA,NA,NA,NA,NA,NA,NA,NA,NA,Harvey Janszen,NA,8
C,,uncertain of specific epiphet,6,16,Lycopus d,Lycopus,NA,NA,19961030,Saltspring Island; Maxwell Lake,Canada,British Columbia,Saltspring Island,NA,Southern Gulf Islands,present,NA,"Potamogeton obtusifolius, Carex acuta, Ranunculus aquatilis, Callitriche","2637, 2638, 2640, 2641",NA,genus,NA,NA,NA,NA,NA,NA,NA,NA,NA,NA,Harvey Janszen,NA,8
C,,perhaps Typha angustifolia?,6,17,Juncus angustif,NA,NA,NA,19961030,Saltspring Island; Maxwell Lake,Canada,British Columbia,Saltspring Island,NA,Southern Gulf Islands,NA,NA,"Potamogeton obtusifolius, Carex acuta, Ranunculus aquatilis, Callitriche","2637, 2638, 2640, 2641",NA,NA,NA,NA,NA,NA,NA,NA,NA,NA,NA,NA,Harvey Janszen,NA,8
C,,unsure what the status is of this taxon and what it is now considered. No clean answer on iNaturalist,7,8,Carex oederi,NA,NA,NA,19961030,Saltspring Island; Maxwell Lake; lower end of lake,Canada,British Columbia,Saltspring Island,NA,Southern Gulf Islands,present,Scirpus acutus and Spiraea swamp,NA,NA,NA,species,NA,NA,NA,NA,NA,NA,NA,NA,NA,NA,Harvey Janszen,NA,8
C,,"uncertain of specific epiphet. Previous page had ""em"" for emersum. Does just ""e"" mean Sparganium eurycarpum?",7,9,Sparganium e,Sparganium e,h,Sparganium e,19961030,Saltspring Island; Maxwell Lake; lower end of lake,Canada,British Columbia,Saltspring Island,NA,Southern Gulf Islands,present,Scirpus acutus and Spiraea swamp,NA,NA,NA,species,NA,NA,NA,NA,NA,NA,NA,NA,NA,NA,Harvey Janszen,NA,8
C,,NA,7,7,Carex o,Carex obnupta,l,Carex obnupta,20000310,Sidney Island; south east corner to west,Canada,British Columbia,Sidney Island,NA,NA,NA,"open Pseudotsuga menziesii and Tsuga heterophylla, shore of small pond",NA,NA,shore of small pond,NA,NA,NA,NA,NA,NA,NA,NA,NA,weland and forest survey for government,NA,NA,NA,9
C,,NA,7,10,Myosotis l,Myosotis latifolia,l,Myosotis latifolia,20000310,Sidney Island; south east corner to west,Canada,British Columbia,Sidney Island,NA,NA,NA,"open Pseudotsuga menziesii and Tsuga heterophylla, shore of small pond",NA,NA,shore of small pond,NA,NA,NA,NA,NA,NA,NA,NA,NA,weland and forest survey for government,NA,NA,NA,9
C,,NA,7,14,Equisetum h,Equisetum hyemale,l,Equisetum hyemale,20000310,Sidney Island; south east corner to west,Canada,British Columbia,Sidney Island,NA,NA,NA,"open Pseudotsuga menziesii and Tsuga heterophylla, shore of small pond",NA,NA,shore of small pond,NA,NA,NA,NA,NA,NA,NA,NA,NA,weland and forest survey for government,NA,NA,NA,9
C,,NA,7,15,Scirpus m,Scirpus microcarpus,l,Scirpus microcarpus,20000310,Sidney Island; south east corner to west,Canada,British Columbia,Sidney Island,NA,NA,NA,"open Pseudotsuga menziesii and Tsuga heterophylla, shore of small pond",NA,NA,shore of small pond,NA,NA,NA,NA,NA,NA,NA,NA,NA,weland and forest survey for government,NA,NA,NA,9
C,,cannot decipher species name,7,20,[Torreychloa p],NA,NA,NA,20000310,Sidney Island; south east corner to west,Canada,British Columbia,Sidney Island,NA,NA,NA,"open Pseudotsuga menziesii and Tsuga heterophylla, open water of small pond",NA,NA,open water of small pond,NA,NA,NA,NA,NA,NA,NA,NA,NA,weland and forest survey for government,NA,NA,NA,9
C,,cannot decipher taxon name,24,11,Gold [bluff] moss,NA,NA,NA,20000411,Sidney Island; west end sand bank shore,Canada,British Columbia,Sidney Island,NA,NA,NA,"sand bank shore, Quercys garryana and Psuedotsuga menziesii  grove includes top of ridge, very thin understory",NA,NA,slope 70 %,NA,NA,NA,NA,NA,NA,1,NA,NA,NA,NA,NA,NA,9
C,,NA,24,13,Lonicera [l]?,Lonicera ledebourii,l,Lonicera involucrata,20000411,Sidney Island; west end sand bank shore,Canada,British Columbia,Sidney Island,NA,NA,NA,"sand bank shore, Quercys garryana and Psuedotsuga menziesii  grove includes top of ridge, very thin understory",NA,NA,slope 70 %,NA,NA,NA,NA,NA,NA,0,NA,NA,NA,NA,NA,NA,9
C,,NA,24,21,Luzula p,Luzula parviflora,l,Luzula parviflora,20000411,Sidney Island; west end sand bank shore,Canada,British Columbia,Sidney Island,NA,NA,NA,"sand bank shore, Quercys garryana and Psuedotsuga menziesii  grove includes top of ridge, very thin understory",NA,NA,slope 70 %,NA,NA,NA,NA,NA,NA,0,NA,NA,NA,NA,NA,NA,9
C,,not sure of species,24,24,Festuca o,NA,NA,NA,20000411,Sidney Island; west end sand bank shore,Canada,British Columbia,Sidney Island,NA,NA,NA,"sand bank shore, Quercys garryana and Psuedotsuga menziesii  grove includes top of ridge, very thin understory",NA,NA,slope 70 %,NA,NA,NA,NA,NA,NA,0,NA,NA,NA,NA,NA,NA,9
C,,NA,24,31,DR,NA,NA,NA,20000411,Sidney Island; west end sand bank shore,Canada,British Columbia,Sidney Island,NA,NA,NA,gravel open bluff,NA,NA,slope 90 %,NA,NA,NA,NA,NA,NA,NA,5,% cover,NA,NA,NA,NA,9
C,,NA,24,32,NA,NA,NA,NA,20000411,Sidney Island; west end sand bank shore,Canada,British Columbia,Sidney Island,NA,NA,NA,gravel open bluff,NA,NA,slope 90 %,NA,NA,NA,NA,NA,NA,NA,NA,NA,NA,NA,NA,NA,9
C,,NA,24,33,NA,NA,NA,NA,20000411,Sidney Island; west end sand bank shore,Canada,British Columbia,Sidney Island,NA,NA,NA,gravel open bluff,NA,NA,slope 90 %,NA,NA,NA,NA,NA,NA,NA,NA,NA,NA,NA,NA,NA,9
C,,NA,24,34,NA,NA,NA,NA,20000411,Sidney Island; west end sand bank shore,Canada,British Columbia,Sidney Island,NA,NA,NA,gravel open bluff,NA,NA,slope 90 %,NA,NA,NA,NA,NA,NA,NA,NA,NA,NA,NA,NA,NA,9
C,,NA,24,35,NA,NA,NA,NA,20000411,Sidney Island; west end sand bank shore,Canada,British Columbia,Sidney Island,NA,NA,NA,gravel open bluff,NA,NA,slope 90 %,NA,NA,NA,NA,NA,NA,NA,NA,NA,NA,NA,NA,NA,9
C,,NA,24,36,NA,NA,NA,NA,20000411,Sidney Island; west end sand bank shore,Canada,British Columbia,Sidney Island,NA,NA,NA,gravel open bluff,NA,NA,slope 90 %,NA,NA,NA,NA,NA,NA,NA,NA,NA,NA,NA,NA,NA,9
C,,NA,24,37,NA,NA,NA,NA,20000411,Sidney Island; west end sand bank shore,Canada,British Columbia,Sidney Island,NA,NA,NA,gravel open bluff,NA,NA,slope 90 %,NA,NA,NA,NA,NA,NA,NA,NA,NA,NA,NA,NA,NA,9
C,,NA,24,38,NA,NA,NA,NA,20000411,Sidney Island; west end sand bank shore,Canada,British Columbia,Sidney Island,NA,NA,NA,gravel open bluff,NA,NA,slope 90 %,NA,NA,NA,NA,NA,NA,NA,NA,NA,NA,NA,NA,NA,9
C,,NA,24,39,NA,NA,NA,NA,20000411,Sidney Island; west end sand bank shore,Canada,British Columbia,Sidney Island,NA,NA,NA,gravel open bluff,NA,NA,slope 90 %,NA,NA,NA,NA,NA,NA,NA,NA,NA,NA,NA,NA,NA,9
C,,NA,24,40,NA,NA,NA,NA,20000411,Sidney Island; west end sand bank shore,Canada,British Columbia,Sidney Island,NA,NA,NA,gravel open bluff,NA,NA,slope 90 %,NA,NA,NA,NA,NA,NA,NA,NA,NA,NA,NA,NA,NA,9
C,,NA,24,41,NA,NA,NA,NA,20000411,Sidney Island; west end sand bank shore,Canada,British Columbia,Sidney Island,NA,NA,NA,gravel open bluff,NA,NA,slope 90 %,NA,NA,NA,NA,NA,NA,NA,NA,NA,NA,NA,NA,NA,9
C,,NA,24,42,NA,NA,NA,NA,20000411,Sidney Island; west end sand bank shore,Canada,British Columbia,Sidney Island,NA,NA,NA,gravel open bluff,NA,NA,slope 90 %,NA,NA,NA,NA,NA,NA,NA,NA,NA,NA,NA,NA,NA,9
C,,NA,24,43,NA,NA,NA,NA,20000411,Sidney Island; west end sand bank shore,Canada,British Columbia,Sidney Island,NA,NA,NA,gravel open bluff,NA,NA,slope 90 %,NA,NA,NA,NA,NA,NA,NA,NA,NA,NA,NA,NA,NA,9
C,,NA,24,44,NA,NA,NA,NA,20000411,Sidney Island; west end sand bank shore,Canada,British Columbia,Sidney Island,NA,NA,NA,gravel open bluff,NA,NA,slope 90 %,NA,NA,NA,NA,NA,NA,NA,NA,NA,NA,NA,NA,NA,9
C,,NA,24,45,NA,NA,NA,NA,20000411,Sidney Island; west end sand bank shore,Canada,British Columbia,Sidney Island,NA,NA,NA,gravel open bluff,NA,NA,slope 90 %,NA,NA,NA,NA,NA,NA,NA,NA,NA,NA,NA,NA,NA,9
C,,NA,24,46,NA,NA,NA,NA,20000411,Sidney Island; west end sand bank shore,Canada,British Columbia,Sidney Island,NA,NA,NA,gravel open bluff,NA,NA,slope 90 %,NA,NA,NA,NA,NA,NA,NA,NA,NA,NA,NA,NA,NA,9
C,,NA,24,47,NA,NA,NA,NA,20000411,Sidney Island; west end sand bank shore,Canada,British Columbia,Sidney Island,NA,NA,NA,gravel open bluff,NA,NA,slope 90 %,NA,NA,NA,NA,NA,NA,NA,NA,NA,NA,NA,NA,NA,9
C,,NA,1,9,Meli sub,Melica subulata,l,Melica subulata,20040212,Galiano Island; Mount Sutil,Canada,British Columbia,Galiano Island,NA,Southern Gulf Islands,present,in shade,NA,NA,NA,species,NA,NA,NA,NA,NA,NA,NA,NA,NA,NA,Harvey Janszen,NA,27
C,,Unsure if Leichtlin's Camas or Suksdorf's Large Camas,2,11,Cama lei,Camassia leichtlinii,l,Camassia leichtlinii,20040312,Galiano Island,Canada,British Columbia,Galiano Island,NA,Southern Gulf Islands,present,ledges,NA,NA,NA,species,NA,NA,NA,NA,NA,NA,NA,NA,NA,NA,Harvey Janszen,NA,27
C,,NA,2,12,Alli sps,Allium,l,Allium,20040312,Galiano Island,Canada,British Columbia,Galiano Island,NA,Southern Gulf Islands,present,ledges,NA,NA,NA,genus,NA,NA,NA,NA,NA,NA,NA,NA,NA,NA,Harvey Janszen,NA,27
C,,NA,2,13,Symp alb,Symphoricarpos albus,l,Symphoricarpos albus,20040312,Galiano Island,Canada,British Columbia,Galiano Island,NA,Southern Gulf Islands,present,base,NA,NA,NA,species,NA,NA,NA,NA,NA,NA,NA,NA,NA,NA,Harvey Janszen,NA,27
C,,unable to decipher location remark,2,15,Sela wal,Selaginella wallacei,h,Selaginella wallacei,20040312,Galiano Island,Canada,British Columbia,Galiano Island,NA,Southern Gulf Islands,present,NA,NA,NA,"steep. poly 20, plot confar cliff? 260 degrees",species,NA,NA,NA,NA,NA,NA,NA,NA,NA,NA,Harvey Janszen,NA,27
C,,unable to decipher location remark,2,16,Raco het,Racomitrium heterostichum,m,Racomitrium heterostichum,20040312,Galiano Island,Canada,British Columbia,Galiano Island,NA,Southern Gulf Islands,present,NA,NA,NA,"steep. poly 20, plot confar cliff? 260 degrees",species,NA,NA,NA,NA,NA,NA,NA,NA,NA,NA,Harvey Janszen,NA,27
C,,unable to decipher location remark,2,17,Bro clayt sps,Brachythecium,l,Brachythecium,20040312,Galiano Island,Canada,British Columbia,Galiano Island,NA,Southern Gulf Islands,present,NA,NA,NA,"steep. poly 20, plot confar cliff? 260 degrees",genus,NA,NA,NA,NA,NA,NA,NA,NA,NA,NA,Harvey Janszen,NA,27
C,,unable to decipher location remark,2,18,Umbilica/ Democaroa,Umbilicaria,l,Umbilicaria,20040312,Galiano Island,Canada,British Columbia,Galiano Island,NA,Southern Gulf Islands,present,NA,NA,NA,"base. poly 20, plot confar cliff? 260 degrees",genus,NA,NA,NA,NA,NA,NA,dominant,qualitative,dominant,NA,Harvey Janszen,NA,27
C,,"don't understand what ""mod"" means",3,12,Nemo par,Nemophila parviflora,h,Nemophila parviflora,20040312,Galiano Island,Canada,British Columbia,Galiano Island,NA,Southern Gulf Islands,present,on rock w/ seep,NA,NA,on rock w/ seep. Mod.,species,NA,NA,NA,NA,NA,NA,NA,NA,NA,NA,Harvey Janszen,NA,27
C,,NA,3,20,Mimul gut,Mimulus guttata,l,Erythranthe guttata,20040312,Galiano Island,Canada,British Columbia,Galiano Island,NA,Southern Gulf Islands,present,open seep on sandstone,NA,NA,NA,species,NA,NA,NA,NA,NA,NA,NA,NA,NA,NA,Harvey Janszen,NA,27
C,,unable to decipher habitat remark,3,24,Orob uni,Orobranche uniflora,m,Aphyllon purpureum,20040312,Galiano Island,Canada,British Columbia,Galiano Island,NA,Southern Gulf Islands,present,prob on lithophagus,NA,NA,NA,species,NA,NA,NA,NA,NA,NA,NA,NA,NA,NA,Harvey Janszen,NA,27
C,,NA,3,25,Bra arv,Brassica arvensis,l,Sinapis arvensis,20040312,Galiano Island,Canada,British Columbia,Galiano Island,NA,Southern Gulf Islands,present,NA,NA,NA,NA,species,NA,NA,NA,NA,NA,NA,few,qualitative,"very little, tufts",NA,Harvey Janszen,NA,27
C,,unsure what Mb and Ct are - likely trees but not sure which species,4,1,Elym gla,Elymus glaucus,h,Elymus glaucus,20040312,Galiano Island,Canada,British Columbia,Galiano Island,NA,NA,NA,"ledge up forest, Pseudotsuga menziesii [verts]? to ct with Quercus garryana, Mb, and small Arbutus",NA,NA,poly 48,NA,NA,NA,NA,NA,NA,NA,NA,NA,NA,NA,NA,NA,27
C,,unsure what Mb and Ct are - likely trees but not sure which species,4,2,Meli har,Melica harfordii,h,Melica harfordii,20040312,Galiano Island,Canada,British Columbia,Galiano Island,NA,NA,NA,"ledge up forest, Pseudotsuga menziesii [verts]? to ct with Quercus garryana, Mb, and small Arbutus",NA,NA,poly 48,NA,NA,NA,NA,NA,NA,NA,NA,NA,NA,NA,NA,NA,27
C,,unsure what Mb and Ct are - likely trees but not sure which species,4,3,Bromus st,Bromus sterilis,h,Bromus sterilis,20040312,Galiano Island,Canada,British Columbia,Galiano Island,NA,NA,NA,"ledge up forest, Pseudotsuga menziesii [verts]? to ct with Quercus garryana, Mb, and small Arbutus",NA,NA,poly 48,NA,NA,NA,NA,NA,NA,NA,NA,NA,etc (underlined)after taxon name,NA,NA,NA,27
C,,unsure what Mb and Ct are - likely trees but not sure which species,4,4,Madia gra,Madia gracilis,h,Madia gracilis,20040312,Galiano Island,Canada,British Columbia,Galiano Island,NA,NA,NA,"ledge up forest, Pseudotsuga menziesii [verts]? to ct with Quercus garryana, Mb, and small Arbutus",NA,NA,poly 48,NA,NA,NA,NA,NA,NA,NA,NA,NA,NA,NA,NA,NA,27
C,,unsure what Mb and Ct are - likely trees but not sure which species,4,5,Loni his,Lonicera hispidula,h,Lonicera hispidula,20040312,Galiano Island,Canada,British Columbia,Galiano Island,NA,NA,NA,"ledge up forest, Pseudotsuga menziesii [verts]? to ct with Quercus garryana, Mb, and small Arbutus",NA,NA,poly 48,NA,NA,NA,NA,NA,NA,NA,NA,NA,NA,NA,NA,NA,27
C,,unsure what Mb and Ct are - likely trees but not sure which species,4,6,Vici sat,Vicia sativa,h,Vicia sativa,20040312,Galiano Island,Canada,British Columbia,Galiano Island,NA,NA,NA,"ledge up forest, Pseudotsuga menziesii [verts]? to ct with Quercus garryana, Mb, and small Arbutus",NA,NA,poly 48,NA,NA,NA,NA,NA,NA,NA,NA,NA,NA,NA,NA,NA,27
C,,unsure what Mb and Ct are - likely trees but not sure which species,4,7,Tori jap,Torilis japonica,h,Torilis japonica,20040312,Galiano Island,Canada,British Columbia,Galiano Island,NA,NA,NA,"ledge up forest, Pseudotsuga menziesii [verts]? to ct with Quercus garryana, Mb, and small Arbutus",NA,NA,poly 48,NA,NA,NA,NA,NA,NA,NA,NA,NA,NA,NA,NA,NA,27
C,,unsure what Mb and Ct are - likely trees but not sure which species,4,8,Sani cra,Sanicula crassicaulis,h,Sanicula crassicaulis,20040312,Galiano Island,Canada,British Columbia,Galiano Island,NA,NA,NA,"ledge up forest, Pseudotsuga menziesii [verts]? to ct with Quercus garryana, Mb, and small Arbutus",NA,NA,poly 48,NA,NA,NA,NA,NA,NA,NA,NA,NA,NA,NA,NA,NA,27
C,,unsure what Mb and Ct are - likely trees but not sure which species,4,9,Bromus sp.,Bromus,h,Bromus,20040312,Galiano Island,Canada,British Columbia,Galiano Island,NA,NA,NA,"ledge up forest, Pseudotsuga menziesii [verts]? to ct with Quercus garryana, Mb, and small Arbutus",NA,NA,"next [grassy?], poly 48",NA,NA,NA,NA,NA,NA,NA,NA,NA,with mixed [infolia]?,NA,NA,NA,27
C,,unsure what Mb and Ct are - likely trees but not sure which species,4,10,Allium sps,Allium,h,Allium,20040312,Galiano Island,Canada,British Columbia,Galiano Island,NA,NA,NA,"ledge up forest, Pseudotsuga menziesii [verts]? to ct with Quercus garryana, Mb, and small Arbutus",NA,NA,"next [grassy?], poly 48",NA,NA,NA,NA,NA,NA,NA,NA,NA,NA,NA,NA,NA,27
C,,unsure what Mb and Ct are - likely trees but not sure which species,4,11,Elym gla,Elymus glaucus,h,Elymus glaucus,20040312,Galiano Island,Canada,British Columbia,Galiano Island,NA,NA,NA,"ledge up forest, Pseudotsuga menziesii [verts]? to ct with Quercus garryana, Mb, and small Arbutus",NA,NA,"next [grassy?], poly 48",NA,NA,NA,NA,NA,NA,NA,NA,NA,NA,NA,NA,NA,27
C,,unsure what Mb and Ct are - likely trees but not sure which species,4,12,Selag wal,Selaginella wallacei,h,Selaginella wallacei,20040312,Galiano Island,Canada,British Columbia,Galiano Island,NA,NA,NA,"ledge up forest, Pseudotsuga menziesii [verts]? to ct with Quercus garryana, Mb, and small Arbutus",NA,NA,"next [grassy?], poly 48",NA,NA,NA,NA,NA,NA,NA,NA,NA,NA,NA,NA,NA,27
C,,unsure what Mb and Ct are - likely trees but not sure which species,4,13,Raco can,Racomitrium canescens,h,Racomitrium canescens,20040312,Galiano Island,Canada,British Columbia,Galiano Island,NA,NA,NA,"ledge up forest, Pseudotsuga menziesii [verts]? to ct with Quercus garryana, Mb, and small Arbutus",NA,NA,"next [grassy?], poly 48",NA,NA,NA,NA,NA,NA,NA,NA,NA,NA,NA,NA,NA,27
C,,unsure what Mb and Ct are - likely trees but not sure which species,4,14,Collinsia p,Collinsia parviflora,h,Collinsia parviflora,20040312,Galiano Island,Canada,British Columbia,Galiano Island,NA,NA,NA,"ledge up forest, Pseudotsuga menziesii [verts]? to ct with Quercus garryana, Mb, and small Arbutus",NA,NA,"next [grassy?], poly 48",NA,NA,NA,NA,NA,NA,NA,NA,NA,NA,NA,NA,NA,27
C,,cannot decipher taxon name,5,8,[Mohr]? mac,NA,NA,NA,20040312,Galiano Island,Canada,British Columbia,Galiano Island,NA,NA,NA,"Quercus garryana woodland, ridge top",NA,NA,poly 52,NA,NA,NA,NA,NA,NA,NA,NA,NA,NA,NA,NA,NA,27